"0","library(flexdashboard)"
"0","library(ggplot2)"
"0","library(plotly)"
"2","Registered S3 method overwritten by 'data.table':
  method           from
  print.data.table     
"
"2","
Attaching package: ‘plotly’

"
"2","The following object is masked from ‘package:ggplot2’:

    last_plot

"
"2","The following object is masked from ‘package:stats’:

    filter

"
"2","The following object is masked from ‘package:graphics’:

    layout

"
"0","library(ggmap)"
"2","Google's Terms of Service: https://cloud.google.com/maps-platform/terms/.
"
"2","Please cite ggmap if you use it! See citation(""ggmap"") for details.
"
"2","
Attaching package: ‘ggmap’

"
"2","The following object is masked from ‘package:plotly’:

    wind

"
"0","library(leaflet)"
"0","library(tidyverse)"
"2","Registered S3 methods overwritten by 'dbplyr':
  method         from
  print.tbl_lazy     
  print.tbl_sql      
"
"2","[30m-- [1mAttaching packages[22m ---------------------------------------------------------------------------------------- tidyverse 1.3.0 --[39m
"
"2","[30m[32mv[30m [34mtibble [30m 3.0.4     [32mv[30m [34mdplyr  [30m 1.0.2
[32mv[30m [34mtidyr  [30m 1.1.2     [32mv[30m [34mstringr[30m 1.4.0
[32mv[30m [34mreadr  [30m 1.4.0     [32mv[30m [34mforcats[30m 0.5.0
[32mv[30m [34mpurrr  [30m 0.3.4     [39m
"
"2","[30m-- [1mConflicts[22m ------------------------------------------------------------------------------------------- tidyverse_conflicts() --
[31mx[30m [34mdplyr[30m::[32mfilter()[30m masks [34mplotly[30m::filter(), [34mstats[30m::filter()
[31mx[30m [34mdplyr[30m::[32mlag()[30m    masks [34mstats[30m::lag()[39m
"
